true_combination,count,exact_match,most_common_wrong_prediction,wrong_prediction_count
ninguna,4323,0.7295859356928059,BOAALB,95
SPHSUR+BOABIS+LEPLAT,556,0.64568345323741,SPHSUR+BOABIS+SCIPER+LEPLAT,86
SPHSUR+BOABIS,447,0.5794183445190156,SPHSUR+BOABIS+LEPLAT,82
BOABIS,385,0.7272727272727273,SPHSUR+BOABIS,32
BOAFAB,274,0.3284671532846715,ninguna,63
BOAALB,258,0.39147286821705424,DENCRU+BOALUN+BOAALB,66
BOALUN+BOAALB,208,0.04326923076923077,PHYCUV+BOALUN+BOAALB,95
SPHSUR,207,0.6666666666666666,SPHSUR+BOABIS+LEPLAT,20
PHYCUV,186,0.34408602150537637,DENCRU+BOALUN+BOAALB,44
PITAZU+LEPPOD,176,0.6363636363636364,BOABIS+PITAZU+LEPPOD,23
DENMIN+LEPPOD,169,0.44970414201183434,DENMIN+DENNAN+LEPPOD,67
SPHSUR+BOABIS+SCIPER+LEPLAT,151,0.17880794701986755,SPHSUR+BOABIS+SCIPER+DENNAH+LEPLAT,99
BOALUN,148,0.10810810810810811,PHYCUV+DENCRU+BOALUN+BOAALB+PHYMAR,28
PHYALB,148,0.22297297297297297,PHYALB+LEPPOD,45
PHYALB+LEPPOD,141,0.3404255319148936,PHYALB+LEPPOD+ADEDIP,18
SPHSUR+BOABIS+SCIPER,137,0.21897810218978103,SPHSUR+BOABIS+SCIPER+LEPLAT,39
LEPNOT,119,0.15126050420168066,ninguna,39
PHYCUV+BOAALB,113,0.1415929203539823,BOAALB,35
DENMIN+DENNAN+LEPPOD,106,0.6132075471698113,DENMIN+PITAZU+DENNAN+LEPPOD,10
SPHSUR+LEPLAT,103,0.06796116504854369,SPHSUR+BOABIS+LEPLAT,49
LEPNOT+ADEMAR,91,0.0,ninguna,42
PHYDIS,86,0.2558139534883721,LEPNOT+PHYDIS,17
DENMIN+DENNAN+PHYALB+LEPPOD,85,0.12941176470588237,DENMIN+PITAZU+DENNAN+PHYALB+LEPPOD,37
SPHSUR+LEPLAT+BOAFAB,82,0.15853658536585366,SPHSUR+BOABIS+LEPLAT+BOAFAB,37
BOAFAB+BOAALM,81,0.04938271604938271,BOAFAB+BOAPRA+BOAALM,30
DENNAN+PHYALB+LEPPOD,80,0.1375,DENMIN+PITAZU+DENNAN+PHYALB+LEPPOD,29
LEPPOD,78,0.41025641025641024,DENMIN+LEPPOD,19
PHYMAR,76,0.0,DENCRU+BOALUN+BOAALB,27
SPHSUR+BOABIS+LEPLAT+BOAFAB,76,0.75,SPHSUR+BOABIS+SCIPER+LEPLAT+BOAFAB,12
SPHSUR+BOAFAB,71,0.2535211267605634,SPHSUR+BOAFAB+ELABIC,27
DENMIN,63,0.20634920634920634,DENMIN+LEPPOD,19
DENMIN+DENNAN+BOARAN,59,0.0,DENMIN+PITAZU+PHYSAU+DENNAN+PHYALB+BOARAN+SCIFUV+ELAMAT,29
DENMIN+PITAZU+DENNAN+BOARAN,58,0.0,DENMIN+PITAZU+PHYSAU+DENNAN+PHYALB+BOARAN+SCIFUV,33
BOAFAB+LEPNOT,58,0.017241379310344827,ninguna,21
ADEMAR,56,0.44642857142857145,ninguna,30
DENMIN+PHYSAU+DENNAN+BOARAN,53,0.0,DENMIN+PITAZU+PHYSAU+DENNAN+PHYALB+BOARAN+SCIFUV+ELAMAT,39
DENMIN+PHYALB+SCIFUV+LEPPOD,53,0.0,DENMIN+DENNAN+PHYALB+SCIFUV+LEPPOD,35
SPHSUR+BOABIS+SCIPER+ELABIC,53,0.018867924528301886,SPHSUR+BOABIS+SCIPER,9
PITAZU,52,0.0,PITAZU+PHYSAU+LEPFUS,10
DENCRU+BOALUN+BOAALB,52,0.5769230769230769,PHYCUV+BOALUN+BOAALB,14
SPHSUR+BOAFAB+DENMIN,50,0.2,SPHSUR+BOABIS+LEPLAT+BOALEP+BOAFAB+DENMIN,18
PHYALB+LEPLAB+ADEDIP,46,0.0,PHYALB+LEPLAB+LEPPOD+ADEDIP,18
BOAFAB+BOAALM+PHYDIS,46,0.0,BOAFAB+LEPNOT+BOAALM+PHYDIS,36
DENMIN+PITAZU+DENNAN,46,0.021739130434782608,DENMIN+PITAZU+PHYSAU+DENNAN+LEPPOD,26
SPHSUR+BOAFAB+PHYCUV,44,0.25,SPHSUR+BOABIS+BOAFAB+PHYCUV+DENMIN+ELABIC,6
DENMIN+PHYALB+BOARAN+SCIFUV+ELAMAT+PHYNAT,44,0.0,DENMIN+PITAZU+PHYSAU+DENNAN+PHYALB+SCIFUV+ELAMAT,26
PITAZU+PHYALB+LEPPOD,44,0.8636363636363636,PITAZU+LEPPOD,4
BOAALM+PHYDIS,44,0.0,LEPNOT+BOAALM+PHYDIS,37
SPHSUR+BOABIS+LEPLAT+DENMIN,43,0.5116279069767442,SPHSUR+BOABIS+LEPLAT,6
DENCRU,42,0.0,BOAALB,19
DENCRU+BOALUN,42,0.6666666666666666,DENCRU+BOALUN+BOAALB,11
SPHSUR+BOAFAB+PHYCUV+ELABIC,40,0.0,SPHSUR+BOABIS+BOALEP+BOAFAB+PHYCUV+DENMIN+ELABIC+BOAPRA,7
ADEDIP,38,0.0,ninguna,20
DENMIN+PITAZU+DENNAN+PHYALB+SCIFUV+LEPPOD,38,0.10526315789473684,DENMIN+PITAZU+DENNAN+PHYALB+SCIFUV+LEPPOD+ELAMAT,9
DENMIN+PITAZU+PHYSAU+PHYALB,38,0.0,DENMIN+PITAZU+PHYSAU+DENNAN+PHYALB+BOARAN+SCIFUV+LEPPOD,15
SPHSUR+BOABIS+SCIPER+BOALEP+BOAFAB,36,0.0,SPHSUR+BOABIS+BOALEP,33
SPHSUR+BOAFAB+BOAPRA,34,0.029411764705882353,SPHSUR+BOABIS+BOAFAB+ELABIC+BOAPRA,10
SPHSUR+BOABIS+BOALEP+PHYCUV,34,0.0,SPHSUR+BOABIS+BOALEP+BOAFAB+ELABIC,13
DENMIN+PITAZU,34,0.0,DENMIN+PITAZU+PHYSAU+DENNAN+LEPPOD,16
BOAALM,33,0.0,LEPNOT+BOAALM+PHYDIS,22
BOAFAB+PHYDIS,33,0.0,BOAFAB+BOAALM,15
SPHSUR+SCIPER+BOAFAB+ELABIC,33,0.0,SPHSUR+BOABIS+SCIPER+BOALEP+BOAFAB+DENMIN+ELABIC,5
BOABIS+LEPLAT,33,0.0,SPHSUR+BOABIS+LEPLAT,20
BOAFAB+SCIALT,32,0.09375,ninguna,8
PHYCUV+BOALUN+BOAALB,32,0.9375,BOALUN+BOAALB,1
BOABIS+SCIPER,31,0.0,SPHSUR+BOABIS+SCIPER+DENNAH+LEPLAT,20
DENNAN+PHYALB+SCIFUV+LEPPOD,31,0.0,DENMIN+PITAZU+DENNAN+PHYALB+SCIFUV+LEPPOD,14
SPHSUR+BOABIS+LEPLAT+BOALEP,30,0.36666666666666664,SPHSUR+BOABIS+LEPLAT,8
PITAZU+LEPFUS,30,0.0,PITAZU+PHYSAU+LEPFUS,22
BOABIS+SCIPER+LEPLAT,28,0.0,SPHSUR+BOABIS+SCIPER+DENNAH+LEPLAT,7
SPHSUR+BOABIS+BOAFAB,27,0.2962962962962963,SPHSUR+BOABIS+LEPLAT+BOAFAB,6
PITAZU+PHYSAU+SCIFUV,26,0.0,PITAZU+PHYSAU+LEPFUS+SCIFUV,6
DENELE,26,0.07692307692307693,ninguna,21
BOAFAB+BOAALM+SCIALT,26,0.3076923076923077,BOAALM,5
LEPLAB+BOARAN,26,0.0,LEPFUS+BOARAN+SCIFUV,12
BOABIS+LEPLAT+BOAFAB,26,0.038461538461538464,SPHSUR+BOABIS+LEPLAT+BOAFAB,17
DENMIN+PITAZU+PHYSAU+DENNAN+PHYALB+SCIFUV,25,0.0,DENMIN+PITAZU+PHYSAU+DENNAN+PHYALB+SCIFUV+LEPPOD,18
PHYCUV+PITAZU+LEPPOD,24,0.625,PHYCUV+PITAZU+PHYSAU+PHYALB+LEPPOD,4
PITAZU+PHYSAU+PHYALB+SCIFUV,24,0.0,PITAZU+PHYSAU+LEPFUS+PHYALB+SCIFUV+LEPPOD,10
PHYALB+SCIFUV,23,0.0,PITAZU+PHYSAU+PHYALB+SCIFUV+ELAMAT,13
SPHSUR+SCIPER+BOAFAB+PHYCUV+ELABIC,23,0.0,SPHSUR+BOABIS+SCIPER+DENNAH+LEPLAT+BOAFAB+PHYCUV+DENMIN,7
DENMIN+PITAZU+DENNAN+PHYALB+LEPPOD,22,0.6818181818181818,DENMIN+PITAZU+PHYSAU+DENNAN+PHYALB+LEPPOD,4
PITAZU+PHYSAU+LEPPOD,22,0.5454545454545454,PITAZU+PHYSAU+LEPFUS+LEPPOD,2
SPHSUR+SCIPER+LEPLAT,21,0.0,SPHSUR+BOABIS+SCIPER+DENNAH+LEPLAT,9
DENMIN+PITAZU+PHYALB+SCIFUV+LEPPOD+PHYNAT,20,0.0,DENMIN+PITAZU+PHYSAU+DENNAN+PHYALB+BOARAN+SCIFUV+LEPPOD,11
DENMIN+PITAZU+PHYSAU+DENNAN+PHYALB,20,0.0,DENMIN+PITAZU+PHYSAU+DENNAN+PHYALB+BOARAN+SCIFUV+LEPPOD,9
DENMIN+PITAZU+DENNAN+SCIFUV+LEPPOD,20,0.0,DENMIN+PITAZU+PHYSAU+DENNAN+PHYALB+SCIFUV+ELAMAT,7
PITAZU+DENNAN,19,0.0,DENMIN+PITAZU+PHYSAU+DENNAN,7
SPHSUR+BOABIS+BOALEP,19,0.7368421052631579,SPHSUR+BOABIS+LEPLAT+BOALEP,5
PHYALB+AMEPIC,18,0.0,PHYALB+LEPPOD,7
SPHSUR+BOAFAB+ELABIC,18,0.0,SPHSUR+BOABIS+BOALEP+BOAFAB+DENMIN+ELABIC,6
DENMIN+PITAZU+LEPPOD,17,0.17647058823529413,DENMIN+PITAZU+PHYSAU+DENNAN+LEPPOD,9
DENMIN+DENNAN,17,0.0,DENMIN+DENNAN+LEPPOD,8
DENMIN+PITAZU+SCIFUV+LEPPOD+PHYNAT,17,0.0,DENMIN+PITAZU+PHYSAU+DENNAN+PHYALB+BOARAN+SCIFUV+LEPPOD,10
SPHSUR+BOABIS+LEPLAT+PHYCUV,17,0.17647058823529413,SPHSUR+BOABIS+LEPLAT+PHYCUV+BOAPRA,8
DENMIN+PITAZU+PHYSAU+PHYALB+SCIFUV,17,0.0,DENMIN+PITAZU+PHYSAU+DENNAN+PHYALB+SCIFUV+LEPPOD,7
PHYCUV+BOAALB+PITAZU,16,0.0,PHYCUV+DENCRU+BOALUN+BOAALB,8
PITAZU+PHYSAU,16,0.0625,DENMIN+PITAZU+PHYSAU+LEPPOD,4
SPHSUR+LEPLAT+RHIICT+BOAFAB,15,0.0,SPHSUR+BOABIS+BOALEP+BOAFAB+PHYCUV+ELABIC,3
PHYDIS+DENELE,15,0.06666666666666667,ninguna,6
LEPFUS+PHYALB,15,0.0,PHYALB,7
DENMIN+PITAZU+PHYSAU+SCIFUV,15,0.0,DENMIN+PITAZU+PHYSAU+DENNAN+PHYALB+SCIFUV+LEPPOD,8
SPHSUR+BOABIS+BOALEP+PHYCUV+ELABIC,15,0.2,SPHSUR+BOABIS+BOALEP+BOAFAB+ELABIC,8
SPHSUR+BOABIS+SCIPER+LEPLAT+ELABIC,15,0.0,SPHSUR+BOABIS+LEPLAT+BOALEP,4
DENMIN+PITAZU+DENNAN+SCIFUV+PHYNAT,15,0.0,DENMIN+PITAZU+PHYSAU+DENNAN+PHYALB+BOARAN+SCIFUV+ELAMAT,9
BOAFAB+DENELE,14,0.0,BOAFAB+BOAALM+PHYDIS,9
DENMIN+PHYALB+BOARAN+SCIFUV+PHYNAT,14,0.0,DENMIN+PITAZU+PHYSAU+DENNAN+PHYALB+SCIFUV+ELAMAT,13
LEPFUS+PHYALB+AMEPIC,14,0.0,PHYALB+LEPPOD,9
PITAZU+LEPFUS+PHYALB,14,0.0,PITAZU+PHYSAU+LEPFUS+PHYALB,7
SPHSUR+SCIPER+BOAFAB+PHYCUV,13,0.0,SPHSUR+BOABIS+SCIPER+DENNAH+LEPLAT+BOAFAB+PHYCUV,4
SPHSUR+SCIPER+LEPLAT+RHIICT+BOAFAB,13,0.0,SPHSUR+BOABIS+BOALEP+BOAFAB+ELABIC,3
SPHSUR+BOAFAB+PHYCUV+DENMIN,13,0.15384615384615385,SPHSUR+LEPLAT+BOAFAB+PHYCUV+DENMIN,5
PITAZU+DENNAN+PHYALB,13,0.0,PITAZU+DENNAN+PHYALB+LEPPOD,10
SPHSUR+SCIPER+LEPLAT+BOAFAB+PHYCUV+ELABIC,13,0.0,SPHSUR+BOABIS+SCIPER+LEPLAT+BOALEP+BOAFAB+PHYCUV+DENMIN,3
PITAZU+PHYALB+SCIFUV,12,0.0,PITAZU+PHYSAU+LEPFUS+PHYALB+BOARAN+SCIFUV+LEPPOD,3
PITAZU+DENNAN+PHYALB+LEPPOD,12,0.25,DENMIN+PITAZU+PHYSAU+DENNAN+PHYALB+LEPPOD,6
PHYALB+LEPLAB+LEPPOD+ADEDIP,12,0.5,PHYALB+LEPLAB+ADEDIP,5
LEPLAB,12,0.0,LEPFUS+BOARAN,4
SPHSUR+BOABIS+SCIPER+PHYCUV+ELABIC,12,0.16666666666666666,SPHSUR+BOABIS+PHYCUV,2
DENNAN+PHYALB,12,0.08333333333333333,DENMIN+PITAZU+DENNAN+PHYALB,3
DENMIN+PITAZU+DENNAN+LEPPOD,12,0.08333333333333333,DENMIN+PITAZU+PHYSAU+DENNAN+LEPPOD,10
PHYCUV+DENCRU,12,0.0,PHYCUV,11
RHIORN,11,0.0,LEPNOT+BOAALM+PHYDIS,6
DENMIN+PHYALB+SCIFUV,11,0.0,PITAZU+PHYSAU+PHYALB+SCIFUV+ELAMAT,4
BOAFAB+BOAALM+DENELE,11,0.0,BOAFAB+LEPNOT+BOAALM+PHYDIS,7
SCIRIZ,11,0.8181818181818182,PHYDIS+SCIRIZ,1
BOABIS+PHYCUV,10,0.0,SPHSUR+BOABIS+LEPLAT+PHYCUV+DENMIN+BOAPRA,5
DENCRU+BOAALB,10,0.0,BOAALB,7
PITAZU+DENNAN+LEPPOD,10,0.1,DENMIN+PITAZU+PHYSAU+DENNAN+LEPPOD,5
SPHSUR+BOABIS+SCIPER+BOALEP,10,0.0,SPHSUR+BOABIS+BOALEP,10
DENMIN+DENNAN+PHYALB+SCIFUV+LEPPOD,10,0.0,DENMIN+PITAZU+DENNAN+PHYALB+SCIFUV+LEPPOD,5
SPHSUR+SCIPER+DENNAH+BOAFAB+PHYCUV,10,0.0,SPHSUR+BOABIS+SCIPER+DENNAH+LEPLAT+BOAFAB+PHYCUV,9
BOABIS+SCIPER+DENNAH+RHIICT,9,0.0,SPHSUR+BOABIS+SCIPER+DENNAH+LEPLAT,6
SPHSUR+SCIPER+DENNAH+LEPLAT+BOAFAB+PHYCUV+ELABIC,9,0.0,SPHSUR+BOABIS+SCIPER+DENNAH+LEPLAT+BOAFAB+PHYCUV,7
DENMIN+PITAZU+DENNAN+PHYALB+SCIFUV,9,0.2222222222222222,DENMIN+PITAZU+DENNAN+PHYALB+SCIFUV+ELAMAT,3
SPHSUR+BOABIS+LEPLAT+ELABIC,9,0.0,SPHSUR+BOABIS+LEPLAT,8
DENMIN+PITAZU+PHYSAU+PHYALB+SCIFUV+PHYNAT,9,0.0,DENMIN+PITAZU+PHYSAU+DENNAN+PHYALB+BOARAN+SCIFUV+ELAMAT,7
SPHSUR+BOABIS+LEPLAT+BOALEP+BOAPRA,9,0.1111111111111111,SPHSUR+BOABIS+LEPLAT+BOALEP,7
DENMIN+PITAZU+PHYSAU,9,0.0,DENMIN+PITAZU+PHYSAU+DENNAN+SCIFUV+LEPPOD,4
LEPFUS+LEPLAB+BOARAN,9,0.0,LEPFUS+LEPLAB+BOARAN+SCIFUV+PHYNAT,9
PHYCUV+DENMIN+DENNAN+PHYALB+SCIFUV+LEPELE,9,0.0,PHYCUV+DENMIN+PITAZU+DENNAN+PHYALB+SCIFUV+ELAMAT,3
DENMIN+PITAZU+SCIFUV+LEPPOD+ELAMAT+PHYNAT,9,0.0,DENMIN+PITAZU+PHYSAU+DENNAN+PHYALB+SCIFUV+LEPPOD,2
PITAZU+SCIFUV,8,0.0,PITAZU+PHYSAU+LEPFUS+SCIFUV,3
LEPFUS+LEPLAB,8,0.0,LEPFUS+LEPLAB+BOARAN+SCIFUV+PHYNAT,7
DENMIN+PITAZU+SCIFUV+PHYNAT,8,0.0,DENMIN+PITAZU+PHYSAU+DENNAN+PHYALB+BOARAN+SCIFUV+ELAMAT,7
PITAZU+DENNAN+PHYALB+SCIFUV+LEPPOD,8,0.0,PHYCUV+DENMIN+PITAZU+DENNAN+PHYALB+SCIFUV+LEPPOD+ELAMAT,2
DENMIN+PITAZU+PHYALB+SCIFUV+LEPPOD+ELAMAT+PHYNAT,8,0.0,DENMIN+PITAZU+PHYSAU+DENNAN+PHYALB+BOARAN+SCIFUV+LEPPOD,3
PITAZU+PHYSAU+DENNAN,8,0.0,DENMIN+PITAZU+PHYSAU+DENNAN+PHYALB+SCIFUV,2
DENMIN+DENNAN+PHYALB+SCIFUV+LEPELE,8,0.0,DENMIN+PITAZU+DENNAN+PHYALB+SCIFUV+ELAMAT,3
SPHSUR+SCIPER+LEPLAT+BOAFAB+ELABIC,8,0.0,SPHSUR+BOABIS+SCIPER+LEPLAT+BOALEP+BOAFAB+PHYCUV+DENMIN,3
SPHSUR+BOABIS+LEPLAT+PHYCUV+BOAPRA,8,1.0,—,0
DENMIN+PITAZU+PHYSAU+DENNAN,8,0.125,DENMIN+PITAZU+PHYSAU+DENNAN+SCIFUV+LEPPOD,2
SPHSUR+BOABIS+LEPLAT+ELABIC+BOAPRA,7,0.0,SPHSUR+BOABIS+LEPLAT+BOAPRA,4
BOABIS+LEPLAT+PHYCUV,7,0.0,SPHSUR+BOABIS+LEPLAT+PHYCUV+DENMIN+BOAPRA,2
SPHSUR+BOABIS+SCIPER+BOAFAB,7,0.0,SPHSUR+BOABIS+LEPLAT+BOALEP,3
DENMIN+PHYALB+LEPPOD,7,0.5714285714285714,PHYSAU+PHYALB+LEPPOD,2
DENMIN+ELAMAT,7,0.0,DENMIN+DENNAN+LEPPOD,6
PITAZU+PHYALB,7,0.0,PITAZU+PHYALB+LEPPOD,3
DENMIN+PITAZU+DENNAN+SCIFUV,7,0.0,DENMIN+PITAZU+DENNAN+PHYALB+SCIFUV+ELAMAT,2
PHYCUV+PHYALB+LEPPOD+ELAMAT+PHYNAT,7,0.0,PHYCUV+PHYSAU+DENNAN+PHYALB+LEPPOD+ADEDIP,1
BOAALM+SCIRIZ,7,0.0,LEPNOT+BOAALM+PHYDIS,6
PHYALB+LEPPOD+ELAMAT+PHYNAT,7,0.0,PITAZU+DENNAN+PHYALB+SCIFUV+ADEDIP,1
PITAZU+PHYSAU+DENNAN+PHYALB+SCIFUV,7,0.0,DENMIN+PITAZU+PHYSAU+DENNAN+PHYALB+SCIFUV+LEPPOD,3
SPHSUR+BOABIS+BOAPRA,7,0.0,SPHSUR+BOABIS+LEPLAT+BOALEP,2
SPHSUR+BOABIS+PHYCUV,6,0.0,SPHSUR+BOABIS+BOALEP+PHYCUV+ELABIC+BOAPRA,2
DENMIN+PITAZU+PHYSAU+DENNAN+SCIFUV,6,0.0,DENMIN+PITAZU+PHYSAU+DENNAN+PHYALB+SCIFUV+LEPPOD,3
PITAZU+PHYSAU+DENNAN+PHYALB,6,0.0,DENMIN+PITAZU+PHYSAU+DENNAN+PHYALB+BOARAN+SCIFUV+LEPPOD,2
SPHSUR+BOABIS+BOAFAB+BOAPRA,6,0.0,SPHSUR+BOAFAB,1
PHYCUV+PITAZU,6,0.0,PHYCUV+DENCRU+BOALUN+BOAALB,2
LEPLAT+PHYCUV,6,0.0,SPHSUR+BOABIS+SCIPER+LEPLAT+PHYCUV+DENMIN+BOAPRA,2
SPHSUR+BOABIS+PHYCUV+ELABIC,6,0.0,SPHSUR+BOABIS+BOALEP+BOAFAB+PHYCUV+DENMIN+ELABIC,3
SPHSUR+SCIPER+BOAFAB+PHYCUV+DENMIN,6,0.0,SPHSUR+BOABIS+SCIPER+LEPLAT+BOAFAB+PHYCUV+DENMIN,3
SPHSUR+SCIPER+BOAFAB+DENMIN,6,0.0,SPHSUR+BOABIS+SCIPER+LEPLAT+BOALEP+BOAFAB+DENMIN,5
SPHSUR+SCIPER+BOAFAB,6,0.0,SPHSUR+BOABIS+SCIPER+LEPLAT+BOALEP+BOAFAB,6
DENMIN+DENNAN+SCIFUV+LEPELE,6,0.0,DENMIN+PITAZU+PHYSAU+DENNAN+PHYALB+SCIFUV+ELAMAT,2
DENMIN+PITAZU+PHYSAU+DENNAN+LEPPOD,6,0.0,DENMIN+PITAZU+PHYSAU+DENNAN+SCIFUV+LEPPOD,3
LEPNOT+BOAALM,6,0.0,LEPNOT+BOAALM+PHYDIS,6
BOABIS+BOAFAB,6,0.0,SPHSUR+BOABIS+LEPLAT+BOAFAB,3
LEPPOD+ELAMAT+PHYNAT,6,0.0,PHYSAU+DENNAN+PHYALB+LEPPOD,2
DENNAN+LEPPOD,6,0.0,DENMIN+DENNAN+LEPPOD,5
PITAZU+PHYALB+SCIFUV+ELAMAT,5,0.0,DENMIN+PITAZU+PHYSAU+LEPFUS+DENNAN+PHYALB+SCIFUV+ELAMAT,2
DENMIN+PITAZU+PHYSAU+PHYALB+SCIFUV+ELAMAT+PHYNAT,5,0.0,DENMIN+PITAZU+PHYSAU+DENNAN+PHYALB+BOARAN+SCIFUV+ELAMAT,4
DENMIN+PITAZU+PHYALB+SCIFUV+PHYNAT,5,0.0,DENMIN+PITAZU+PHYSAU+DENNAN+PHYALB+BOARAN+SCIFUV+ELAMAT,4
DENMIN+PITAZU+DENNAN+SCIFUV+ELAMAT,5,0.0,DENMIN+PITAZU+PHYSAU+DENNAN+PHYALB+SCIFUV+ELAMAT,5
PHYCUV+DENMIN+DENNAN+SCIFUV+LEPELE,5,0.0,PHYCUV+DENMIN+PITAZU+DENNAN+PHYALB+SCIFUV+ELAMAT,2
PHYCUV+DENMIN+DENNAN+SCIFUV,5,0.0,PHYCUV+DENMIN+PITAZU+DENNAN+SCIFUV,3
PHYCUV+DENNAN+PHYALB+LEPPOD+PHYNAT,5,0.0,PHYCUV+DENNAN+PHYALB+LEPPOD,2
SPHSUR+BOABIS+ELABIC,5,0.2,SPHSUR+BOABIS,2
PITAZU+PHYSAU+DENNAN+LEPPOD,5,0.0,DENMIN+PITAZU+PHYSAU+DENNAN+LEPPOD,2
SPHSUR+BOALEP+PHYCUV,5,0.0,SPHSUR+BOABIS+BOALEP+BOAFAB+ELABIC,3
SPHSUR+BOABIS+BOALEP+BOAPRA,5,0.2,SPHSUR+BOABIS+LEPLAT+BOALEP,2
DENMIN+PITAZU+DENNAN+PHYALB,5,0.0,DENMIN+PITAZU+DENNAN+PHYALB+LEPPOD,4
DENNAN,5,0.0,DENNAN+PHYALB,3
DENMIN+PITAZU+PHYALB+LEPPOD,4,0.0,DENMIN+PITAZU+PHYSAU+DENNAN+PHYALB+LEPPOD,2
SCIFUV,4,0.0,PITAZU+PHYSAU+SCIFUV+ELAMAT,4
PHYALB+ADEDIP,4,0.0,SCIPER,2
PITAZU+PHYSAU+DENNAN+SCIFUV,4,0.0,DENMIN+PITAZU+PHYSAU+LEPFUS+SCIFUV+LEPPOD,2
PITAZU+DENNAN+PHYALB+SCIFUV,4,0.0,DENMIN+PITAZU+PHYSAU+DENNAN+PHYALB+SCIFUV+LEPPOD,4
DENMIN+PITAZU+SCIFUV+ELAMAT+PHYNAT,4,0.0,DENMIN+PITAZU+PHYSAU+DENNAN+PHYALB+BOARAN+SCIFUV+ELAMAT,2
SPHSUR+SCIPER+DENNAH+BOAFAB+PHYCUV+ELABIC,4,0.0,SPHSUR+BOABIS+SCIPER+DENNAH+LEPLAT+BOAFAB+PHYCUV+DENMIN,3
SPHSUR+SCIPER+LEPLAT+BOAFAB+PHYCUV,4,0.0,SPHSUR+BOABIS+SCIPER+DENNAH+LEPLAT+BOAFAB+PHYCUV,3
SPHSUR+BOABIS+SCIPER+LEPLAT+PHYCUV+ELABIC,4,0.0,SPHSUR+BOABIS+SCIPER+LEPLAT+PHYCUV,2
BOAFAB+PHYDIS+DENELE,4,0.0,BOAFAB+LEPNOT+BOAALM+PHYDIS+DENELE,2
DENNAN+PHYALB+LEPPOD+PHYNAT,4,0.0,PHYCUV+PHYSAU+DENNAN+PHYALB+SCIFUV+LEPPOD,2
PHYCUV+DENMIN+DENNAN+PHYALB+SCIFUV,4,0.0,PHYCUV+DENMIN+PITAZU+DENNAN+PHYALB+SCIFUV,1
PHYCUV+DENMIN+PITAZU+DENNAN+PHYALB+SCIFUV,4,0.25,PHYCUV+DENMIN+PITAZU+DENNAN+PHYALB+SCIFUV+LEPPOD,1
PHYALB+LEPPOD+ELAMAT,4,0.0,DENNAN+PHYALB+LEPPOD+ADEDIP,4
DENMIN+PHYSAU+DENNAN+BOARAN+SCIFUV,4,0.0,DENMIN+PITAZU+PHYSAU+DENNAN+PHYALB+BOARAN+SCIFUV+ELAMAT,3
SPHSUR+BOABIS+SCIPER+LEPLAT+BOAFAB+PHYCUV,4,0.0,SPHSUR+BOABIS+SCIPER+DENNAH+LEPLAT+BOAFAB+PHYCUV+DENMIN+BOAPRA,1
BOAALB+PITAZU,4,0.0,PHYCUV+DENCRU+BOALUN+BOAALB,3
PITAZU+LEPFUS+SCIFUV,3,0.0,PITAZU+PHYSAU+LEPFUS,3
LEPFLA,3,0.0,ninguna,3
SPHSUR+BOAFAB+ELABIC+BOAPRA,3,0.0,SPHSUR+BOABIS+BOAFAB+ELABIC+BOAPRA,3
PHYCUV+LEPPOD+PHYNAT,3,0.0,PHYSAU+LEPPOD,1
PHYCUV+BOAALB+PHYMAR,3,0.0,DENCRU+BOALUN+BOAALB+PHYALB,2
DENMIN+PITAZU+SCIFUV+LEPPOD+ELAMAT,3,0.0,DENMIN+PITAZU+PHYSAU+DENNAN+PHYALB+BOARAN+SCIFUV+LEPPOD,2
DENMIN+PHYALB,3,0.0,DENMIN+DENNAN+PHYALB,3
PITAZU+DENNAN+SCIFUV+LEPPOD,3,0.0,DENMIN+PITAZU+DENNAN+PHYALB+SCIFUV+LEPPOD+ELAMAT,3
DENMIN+PITAZU+PHYSAU+DENNAN+PHYALB+BOARAN+SCIFUV,3,0.0,DENMIN+PITAZU+PHYSAU+DENNAN+PHYALB+SCIFUV+LEPPOD,1
BOARAN+LEPPOD+ELAMAT,3,0.0,PITAZU+DENNAN+BOARAN+LEPPOD,1
PITAZU+LEPFUS+PHYALB+SCIFUV,3,0.0,PITAZU+PHYSAU+LEPFUS,3
BOAFAB+BOAALM+PHYDIS+DENELE,3,0.0,BOAFAB+LEPNOT+BOAALM+PHYDIS,3
DENMIN+SCIFUV,3,0.0,PITAZU+PHYSAU+SCIFUV+ELAMAT,2
PHYALB+SCIFUV+ELAMAT,3,0.0,DENMIN+PITAZU+PHYSAU+DENNAN+SCIFUV+ELAMAT,2
DENMIN+DENNAN+PHYALB+SCIFUV,3,0.0,DENMIN+PITAZU+DENNAN+PHYALB+SCIFUV+LEPPOD,1
BOARAN+LEPPOD+ELAMAT+PHYNAT,2,0.0,DENMIN+PITAZU+PHYSAU+DENNAN+PHYALB+BOARAN+SCIFUV+LEPPOD,2
PITAZU+DENNAN+SCIFUV,2,0.0,DENMIN+PITAZU+PHYSAU+LEPFUS+BOARAN+SCIFUV+LEPPOD,1
PHYCUV+DENNAN+PHYALB+LEPPOD+ELAMAT+PHYNAT,2,0.0,DENNAN+PHYALB+LEPPOD+ADEDIP,1
PITAZU+SCIFUV+ELAMAT,2,0.0,PITAZU+PHYSAU+DENNAN+SCIFUV+ELAMAT,1
DENMIN+PITAZU+DENNAN+SCIFUV+ELAMAT+PHYNAT,2,0.0,DENMIN+PITAZU+PHYSAU+DENNAN+PHYALB+BOARAN+SCIFUV+ELAMAT,2
DENMIN+PITAZU+PHYALB+SCIFUV+ELAMAT+PHYNAT,2,0.0,DENMIN+PITAZU+PHYSAU+DENNAN+PHYALB+BOARAN+SCIFUV+ELAMAT,2
DENMIN+LEPFUS+LEPLAB+BOARAN,2,0.0,DENMIN+LEPFUS+DENNAN+LEPLAB+BOARAN+SCIFUV+PHYNAT,2
SPHSUR+BOABIS+DENMIN,2,0.0,SPHSUR+BOABIS+LEPLAT,1
SCIPER+BOAFAB+PHYCUV,2,0.0,SPHSUR+BOABIS+SCIPER+BOAFAB+PHYCUV+ELABIC,1
BOAFAB+DENMIN,2,0.0,SPHSUR+BOABIS+LEPLAT+BOALEP+BOAFAB+DENMIN,2
SPHSUR+BOABIS+SCIPER+DENNAH+LEPLAT+BOAFAB+PHYCUV,2,1.0,—,0
PHYALB+BOARAN+LEPPOD+ELAMAT+PHYNAT,2,0.0,PITAZU+PHYSAU+PHYALB+BOARAN,1
SPHSUR+LEPLAT+BOAFAB+BOAPRA,2,0.0,SPHSUR+BOABIS+BOAFAB+ELABIC+BOAPRA,1
SPHSUR+BOABIS+LEPLAT+BOAPRA,2,0.5,SPHSUR+BOABIS+LEPLAT+BOALEP+BOAPRA,1
DENMIN+PITAZU+PHYSAU+DENNAN+PHYALB+BOARAN,2,0.0,DENMIN+PITAZU+PHYSAU+DENNAN+PHYALB+SCIFUV+LEPPOD,1
DENMIN+PITAZU+PHYSAU+LEPPOD,2,0.0,DENMIN+PITAZU+PHYSAU+DENNAN+LEPPOD,2
PITAZU+PHYSAU+DENNAN+PHYALB+LEPPOD,2,0.0,DENMIN+PITAZU+PHYSAU+PHYALB+BOARAN+SCIFUV+LEPPOD,1
DENMIN+PITAZU+PHYALB+SCIFUV+LEPPOD,2,0.0,DENMIN+PITAZU+PHYSAU+DENNAN+PHYALB+SCIFUV+LEPPOD,1
PHYCUV+PHYALB+BOARAN+LEPPOD+ELAMAT+PHYNAT,2,0.0,PHYCUV+PITAZU+PHYSAU+DENNAN+PHYALB+BOARAN+SCIFUV+LEPPOD+ADEDIP+ELAMAT,1
BOABIS+SCIPER+ELABIC,1,0.0,SPHSUR+BOABIS+SCIPER+LEPLAT+BOALEP,1
SPHSUR+BOABIS+SCIPER+DENNAH+BOAFAB+PHYCUV,1,0.0,SPHSUR+BOABIS+SCIPER+BOAALB+PITAZU+DENNAN+SCIFUV,1
BOABIS+SCIPER+DENNAH+LEPLAT+RHIICT,1,0.0,SPHSUR+BOABIS+SCIPER+DENNAH+LEPLAT,1
LEPNOT+PHYDIS,1,0.0,LEPNOT,1
PHYDIS+SCIRIZ,1,0.0,BOAALM+PHYDIS+SCIRIZ,1
BOAALM+PHYDIS+SCIRIZ,1,0.0,LEPNOT+BOAALM+PHYDIS+SCIRIZ,1
SPHSUR+ELABIC+BOAPRA,1,0.0,SPHSUR+BOABIS,1
BOARAN+LEPPOD+PHYNAT,1,0.0,PITAZU+PHYSAU+PHYALB+BOARAN+LEPPOD,1
PHYCUV+DENNAN+LEPPOD+PHYNAT,1,0.0,PITAZU+PHYSAU+DENNAN+PHYALB+SCIFUV+LEPPOD+ADEDIP,1
DENMIN+PITAZU+PHYSAU+DENNAN+PHYALB+LEPPOD,1,0.0,DENMIN+PITAZU+PHYSAU+DENNAN+PHYALB+BOARAN+SCIFUV+LEPPOD,1
DENMIN+PITAZU+PHYSAU+PHYALB+LEPPOD,1,0.0,DENMIN+PITAZU+PHYSAU+DENNAN+PHYALB+LEPPOD,1
PITAZU+PHYSAU+PHYALB,1,0.0,DENMIN+PITAZU+PHYSAU+DENNAN+PHYALB+BOARAN+SCIFUV+LEPPOD,1
DENMIN+PITAZU+PHYALB+BOARAN,1,0.0,SPHSUR+BOABIS+SCIPER+BOAALB+PITAZU+DENNAN+SCIFUV,1
PHYCUV+PHYMAR,1,0.0,DENCRU+BOALUN+BOAALB+PHYALB,1
PHYCUV+DENCRU+BOAALB,1,0.0,ninguna,1
SPHSUR+BOABIS+LEPLAT+PHYCUV+ELABIC,1,0.0,SPHSUR+BOABIS+LEPLAT+PHYCUV,1
DENNAN+PHYALB+LEPPOD+ELAMAT+PHYNAT,1,0.0,PHYCUV+PHYSAU+DENNAN+PHYALB+SCIFUV+LEPPOD,1
PHYCUV+DENNAN+BOARAN+LEPPOD+PHYNAT,1,0.0,PHYCUV+PITAZU+PHYSAU+DENNAN+PHYALB+BOARAN+SCIFUV+LEPPOD,1
LEPPOD+ELAMAT,1,0.0,SPHSUR+BOABIS+SCIPER+BOAALB+PITAZU+DENNAN+SCIFUV,1
PHYALB+LEPPOD+PHYNAT,1,0.0,PHYALB+LEPPOD,1
DENNAN+LEPPOD+PHYNAT,1,0.0,PHYSAU+DENNAN+PHYALB+LEPPOD,1
PHYCUV+DENNAN+PHYALB+BOARAN+LEPPOD+ELAMAT+PHYNAT,1,0.0,PHYCUV+PITAZU+PHYSAU+DENNAN+PHYALB+BOARAN+LEPPOD+ADEDIP,1
PHYCUV+DENNAN+PHYALB+BOARAN+LEPPOD+PHYNAT,1,0.0,PHYCUV+DENMIN+PITAZU+PHYSAU+DENNAN+PHYALB+BOARAN+SCIFUV+LEPPOD,1
DENMIN+PITAZU+DENNAN+PHYALB+SCIFUV+LEPELE,1,0.0,DENMIN+PITAZU+DENNAN+PHYALB+SCIFUV+ELAMAT,1
DENMIN+PITAZU+DENNAN+SCIFUV+LEPELE,1,0.0,DENMIN+PITAZU+DENNAN+PHYALB+SCIFUV+ELAMAT,1
DENMIN+DENNAN+SCIFUV,1,0.0,DENMIN+PITAZU+DENNAN+PHYALB+SCIFUV+ELAMAT,1
PHYCUV+PHYALB+LEPPOD+PHYNAT,1,0.0,PHYCUV+PHYSAU+PHYALB+LEPPOD,1
SCIPER+BOAFAB,1,0.0,SPHSUR+BOABIS+LEPLAT+BOAFAB,1
LEPPOD+PHYNAT,1,0.0,PHYSAU+PHYALB+LEPPOD,1
DENMIN+DENNAN+ELAMAT,1,0.0,DENMIN+DENNAN,1
DENMIN+DENNAN+LEPPOD+ELAMAT,1,0.0,DENMIN+PITAZU+DENNAN+LEPPOD,1
DENMIN+PITAZU+SCIFUV,1,0.0,PITAZU+PHYSAU+LEPFUS+BOARAN+SCIFUV,1
DENMIN+PITAZU+SCIFUV+LEPPOD,1,0.0,DENMIN+PITAZU+PHYSAU+LEPFUS+SCIFUV+LEPPOD,1
DENMIN+PITAZU+PHYSAU+SCIFUV+LEPPOD,1,0.0,DENMIN+PITAZU+PHYSAU+LEPFUS+SCIFUV+LEPPOD,1
DENMIN+PITAZU+PHYSAU+SCIFUV+ELAMAT+PHYNAT,1,0.0,DENMIN+PITAZU+PHYSAU+DENNAN+PHYALB+BOARAN+SCIFUV+ELAMAT,1
DENMIN+SCIFUV+LEPPOD,1,0.0,DENMIN+DENNAN+SCIFUV+LEPPOD,1
SPHSUR+LEPLAT+DENMIN,1,0.0,SPHSUR+BOABIS+LEPLAT,1
DENMIN+LEPLAB,1,0.0,SPHSUR+BOABIS+SCIPER+BOAALB+PITAZU+DENNAN+SCIFUV,1
BOAALM+DENELE,1,0.0,BOAFAB+LEPNOT+BOAALM+PHYDIS,1
