epoch,learning_rate,train_loss,validation_loss,validation_mAP,lr_decay_steps
1,0.001,0.3186671907164129,0.314743540692946,0.4394108807249536,388
2,0.0005625000000000001,0.2009254327295523,0.2935045985557264,0.4715241270876359,388
3,0.00031640625,0.16692082417048784,0.28079208362229174,0.5024907870610625,388
4,0.000177978515625,0.14680055326584687,0.27356282660458314,0.5304197001271506,388
5,0.0001001129150390625,0.13578915684897994,0.27420888067893057,0.542285644303113,388
6,5.6313514709472656e-05,0.1269106449363892,0.26734191519570477,0.5464462304108267,388
7,3.167635202407837e-05,0.1227602592837875,0.26764835463515646,0.5463484456458422,388
8,1.7817948013544083e-05,0.11974135254874832,0.2676990174898264,0.5472051458884855,388
9,1.0022595757618546e-05,0.11894567003966826,0.2713135409676011,0.549024472777865,388
10,5.637710113660432e-06,0.11820372960568001,0.2691101038080148,0.5475451464909531,388
11,3.1712119389339933e-06,0.11711353263660107,0.26848714512555527,0.5485672121220398,388
12,1.7838067156503713e-06,0.1176263966107296,0.2656927366487819,0.5462380239135826,388
13,1.0033912775533338e-06,0.11665325158105717,0.26937013493183143,0.5483543037489539,388
14,5.644075936237503e-07,0.11582678860303554,0.2677656085255056,0.5504175925610019,388
15,3.1747927141335955e-07,0.1171867614588195,0.2735986797690224,0.5484590560345012,388
16,1.7858209017001475e-07,0.11605486240154711,0.2694915730494232,0.5498814548783911,388
17,1.0045242572063329e-07,0.11693519655420215,0.2692614219135753,0.5465760993549252,388
18,5.650448946785623e-08,0.11561353818858534,0.26898516251674964,0.5459342442342697,388
19,3.1783775325669126e-08,0.11600855998914424,0.2705442209752708,0.5471994230050579,388
20,1.7878373620688882e-08,0.11629563066713919,0.26571995344165333,0.547631350478483,388
21,1.0056585161637498e-08,0.1158316832805473,0.269695924195284,0.5488824307279584,388
22,5.656829153421092e-09,0.1166451779956508,0.268213508353414,0.5489840038027756,388
23,3.1819663987993643e-09,0.11717129751633222,0.2712588277437038,0.550691548133513,388
24,1.7898560993246425e-09,0.11591139418220954,0.2673922378907418,0.5479298351610147,388
25,1.0067940558701115e-09,0.1159566897809828,0.26607169445660844,0.5478203682916298,388
26,5.663216564269376e-10,0.11593257617535421,0.2683008090530932,0.5491584551770992,388
27,3.185559317401524e-10,0.11682606034352619,0.27122416815510636,0.5470537013622582,388
28,1.7918771160383575e-10,0.11613509066309857,0.27012473931409114,0.5490156100589922,388
29,1.007930877771576e-10,0.11628979275625356,0.26889262920022966,0.5472376239008226,388
30,5.669611187465115e-11,0.11623478140647892,0.27210940186982885,0.5488168297927482,388
31,3.189156292949127e-11,0.11631056736113356,0.2710880474486921,0.54863451140742,388
32,1.7939004147838842e-11,0.11750393039204973,0.2648952043318782,0.5500498456069488,388
33,1.0090689833159348e-11,0.11652017318789562,0.27007649580603754,0.5495261643271702,388
34,5.676013031152133e-12,0.11541290063382452,0.27078602605506047,0.5487533705661687,388
35,3.192757330023075e-12,0.11550262646773554,0.26807336813853133,0.547978305377971,388
36,1.7959259981379796e-12,0.11683975276298889,0.27043211691876173,0.5488475375979516,388
37,1.0102083739526135e-12,0.11610820209298983,0.2688855164141395,0.5474628158217124,388
38,5.682422103483451e-13,0.11597088391233226,0.26964093730714,0.5471458582941421,388
39,3.196362433209441e-13,0.11594577279936934,0.2693057504280171,0.5482984515811383,388
40,1.7979538686803107e-13,0.11688390314034763,0.26936083363537894,0.5481192744852833,388
41,1.0113490511326748e-13,0.11645574150718814,0.2704775114404075,0.5472409939910707,388
42,5.688838412621296e-14,0.1174522121708774,0.2704366086766351,0.5490148256948985,388
43,3.199971607099479e-14,0.1161355285755023,0.2677028330095238,0.5476571254362932,388
44,1.7999840289934567e-14,0.11649166262964264,0.2712130030095816,0.5481808527636491,388
45,1.0124910163088195e-14,0.11619318198737902,0.2723700984168287,0.5504611604242202,388
46,5.6952619667371094e-15,0.11588309118723304,0.26870291155181175,0.5478724832399889,388
47,3.203584856289624e-15,0.11711792423786219,0.27102086891202853,0.5491386784798856,388
48,1.8020164816629135e-15,0.11616435696730291,0.2722400815468864,0.5478238567142117,388
49,1.0136342709353887e-15,0.11610094258522283,0.2704581780808753,0.548545012095573,388
50,5.701692774011563e-16,0.11602948378215683,0.26473442076824144,0.5495701048639762,388
51,3.207202185381504e-16,0.11613646000491837,0.26643974268487813,0.5477859195782837,388
52,1.8040512292770958e-16,0.11653249732586128,0.27234887295427235,0.5502594888345312,388
53,1.0147788164683665e-16,0.11615402569144281,0.27349030743707825,0.5483612562587948,388
54,5.708130842634562e-17,0.11600957028523586,0.27142035841087436,0.548357537188309,388
55,3.210823598981941e-17,0.11657842955045575,0.2709372230474602,0.5487645592312668,388
56,1.8060882744273416e-17,0.11642697892073271,0.27177949808358715,0.5498017943417326,388
57,1.0159246543653797e-17,0.11604270832370919,0.2696377776742412,0.5482477259204358,388
58,5.714576180805261e-18,0.11610614050530589,0.2680254264052811,0.5477387122799353,388
59,3.2144491017029593e-18,0.11710998392315969,0.2675803317087191,0.5496637102557436,388
60,1.8081276197079145e-18,0.11683015787379816,0.26904045684859096,0.549419973566505,388
61,1.0170717860857019e-18,0.11602587607110396,0.2698611024432571,0.5471658099435964,388
62,5.721028796732073e-19,0.1161212373335122,0.2663917170107102,0.5494047493249921,388
63,3.2180786981617914e-19,0.1161787700813773,0.2698155420822627,0.5476678588266964,388
64,1.8101692677160077e-19,0.11637994336661377,0.2685361532388373,0.5486392063273966,388
65,1.0182202130902543e-19,0.11638369518296314,0.27087576273043057,0.5498911714694479,388
66,5.72748869863268e-20,0.11633959504236645,0.2695386454749796,0.5476665028114638,388
67,3.221712392980883e-20,0.11571936980985256,0.2722151223471524,0.5496124507844803,388
68,1.8122132210517464e-20,0.11578298647981866,0.26884744932789895,0.5466654470126556,388
69,1.0193699368416075e-20,0.11610151168559639,0.2701677699463551,0.5482515665023203,388
70,5.7339558947340415e-21,0.11608488814200364,0.2672587622139295,0.5479732040478646,388
71,3.2253501907878986e-21,0.11696178775577187,0.2683141254838601,0.5470228576943883,388
72,1.814259482318193e-21,0.11597873441487924,0.26871223574670056,0.5481914288852595,388
73,1.0205209588039835e-21,0.11652205432261042,0.26666798693304933,0.5475592399621115,388
74,5.740430393272408e-22,0.11614181071247728,0.27076577831839405,0.5476732842818003,388
75,3.228992096215729e-22,0.11629285217284514,0.26551049820116834,0.5478787703401532,388
76,1.8163080541213476e-22,0.11662279585664202,0.272034756324546,0.546462724904648,388
77,1.021673280443258e-22,0.11690679689258393,0.2710695525883744,0.5476988234506373,388
78,5.746912202493326e-23,0.11660866256797954,0.2696713447493128,0.548284562650099,388
79,3.232638113902496e-23,0.11690887776717337,0.2685185075251336,0.547685929664486,388
80,1.8183589390701542e-23,0.11623535444545108,0.2734496020354217,0.5489039303514672,388
81,1.0228269032269616e-23,0.11644240560222523,0.26700530043312476,0.5467176532140906,388
82,5.753401330651659e-24,0.11666650239526788,0.26911498544574886,0.5480687714121415,388
83,3.236288248491558e-24,0.11523042968029,0.2696570811791714,0.5499233519075163,388
84,1.8204121397765013e-24,0.1162033623542548,0.2681778899169174,0.5479338746598625,388
85,1.0239818286242821e-24,0.11488869518064987,0.2676824432123324,0.5486766751210924,388
86,5.759897786011587e-25,0.1160371043893156,0.27187772962087714,0.5495387201712537,388
87,3.2399425046315175e-25,0.11641950524844574,0.2712809492981042,0.5492873689908992,388
88,1.8224676588552288e-25,0.1162954043459198,0.26777903461872143,0.5464960525655095,388
89,1.0251380581060661e-25,0.11651130761465776,0.26939446417392254,0.5482881086195365,388
90,5.766401576846622e-26,0.11646549551267496,0.2650817924182871,0.5475584599238257,388
91,3.243600886976225e-26,0.11632485834418671,0.27075874101230163,0.5478456967364761,388
92,1.8245254989241264e-26,0.11624013832238048,0.26949116209911744,0.549100148794201,388
93,1.0262955931448211e-26,0.11617855584972553,0.2681802765299725,0.5475126568853451,388
94,5.7729127114396185e-27,0.11650032829487665,0.2714295149103417,0.547570548674418,388
95,3.247263400184785e-27,0.11659677543434017,0.2711492803885804,0.549932013839838,388
96,1.8265856626039416e-27,0.11544433408342165,0.2714073231451231,0.5481592505057353,388
97,1.0274544352147175e-27,0.1165182517895366,0.2678023636950525,0.5477098276479302,388
98,5.779431198082785e-28,0.116879326100982,0.27188461033422756,0.54897877828574,388
99,3.2509300489215666e-28,0.11713719339330064,0.27028663049436324,0.5494700453062995,388
100,1.8286481525183812e-28,0.11485688773501329,0.27015836068638915,0.5472540755817057,388
